disease,step,rr_mean,rr_lci,rr_uci
cancer,0,1.01129952272857,1,1.02352543117884
cancer,100,1.01025032814532,1,1.02146169053083
cancer,200,1.00920113356207,1,1.01938992261616
cancer,300,1.00815193897883,1,1.01727378031147
cancer,400,1.00710274439558,0.999958749702792,1.01517004316712
cancer,500,1.00605354981233,0.999882021618312,1.01305540455924
cancer,600,1.00500435522908,0.999787799246463,1.01096254850738
cancer,700,1.00395516064584,0.999685789126379,1.00882576596318
cancer,800,1.00290596606259,0.999585694731954,1.0068289599612
cancer,900,1.00185677147934,0.999473183100761,1.00478486477609
cancer,1000,1.0008075768961,0.999355935149481,1.00272505540442
cancer,1100,0.999758382312849,0.999141896485046,1.00071711395727
cancer,1200,0.998709187729601,0.998159495976682,0.99985944721439
cancer,1300,0.997659993146354,0.99631078416747,0.999860545283027
cancer,1400,0.996610798563107,0.994299960430741,0.999861643351665
cancer,1500,0.99556160397986,0.99219705697984,0.999862741420302
cancer,1600,0.994512409396612,0.990057733369595,0.99986383948894
cancer,1700,0.993463214813365,0.987916852778952,0.999864937557577
cancer,1800,0.992414020230118,0.985803932619186,0.999866035626215
cancer,1900,0.991364825646871,0.983683194590176,0.999867133694853
cancer,2000,0.990315631063624,0.981562441329563,0.99986823176349
cancer,2100,0.989266436480376,0.97945080531349,0.999869329832128
cancer,2200,0.988217241897129,0.977339216358932,0.999870427900765
cancer,2300,0.987168047313882,0.975227755698925,0.999871525969403
cancer,2400,0.986118852730635,0.973116295038919,0.99987262403804
cancer,2500,0.985069658147387,0.971004834378912,0.999873722106678
cancer,2600,0.98402046356414,0.968893488609435,0.999874820175316
cancer,2700,0.982971268980893,0.966782347542564,0.999875918243953
cancer,2800,0.981922074397646,0.964671206475692,0.999877016312591
cancer,2900,0.980872879814399,0.962560065408821,0.999878114381229
cancer,3000,0.979823685231151,0.96044892434195,0.999879212449866
cancer,3100,0.978774490647904,0.958337783275078,0.999880310518504
cancer,3200,0.977725296064657,0.956226642208207,0.999881408587141
cancer,3300,0.97667610148141,0.954115501141336,0.999882506655779
cancer,3400,0.975626906898162,0.952004360074465,0.999883604724416
cancer,3500,0.974577712314915,0.949893219007593,0.999884702793054
cancer,3600,0.973528517731668,0.947782077940722,0.999885800861692
cancer,3700,0.972479323148421,0.94567093687385,0.999886898930329
cancer,3800,0.971430128565174,0.943559795806979,0.999887996998967
cancer,3900,0.970380933981926,0.941448654740108,0.999889095067604
cancer,4000,0.969331739398679,0.939337513673236,0.999890193136242
cancer,4100,0.968282544815432,0.937226372606365,0.999891291204879
cancer,4200,0.967233350232185,0.935115231539494,0.999892389273517
cancer,4300,0.966184155648937,0.933004090472622,0.999893487342155
cancer,4400,0.96513496106569,0.930892949405751,0.999894585410792
cancer,4500,0.964085766482443,0.92878180833888,0.99989568347943
cancer,4600,0.963036571899196,0.926670667272009,0.999896781548067
cancer,4700,0.961987377315948,0.924559526205137,0.999897879616705
cancer,4800,0.960938182732701,0.922448385138266,0.999898977685343
cancer,4900,0.959888988149454,0.920337244071395,0.99990007575398
cancer,5000,0.958839793566207,0.918226103004523,0.999901173822618
cancer,5100,0.95779059898296,0.916114961937652,0.999902271891255
cancer,5200,0.956741404399713,0.914003820870781,0.999903369959893
cancer,5300,0.955692209816465,0.911892679803909,0.99990446802853
cancer,5400,0.954643015233218,0.909781538737038,0.999905566097168
cancer,5500,0.953593820649971,0.907670397670167,0.999906664165806
cancer,5600,0.952544626066724,0.905559256603295,0.999907762234443
cancer,5700,0.951495431483476,0.903448115536424,0.999908860303081
cancer,5800,0.950446236900229,0.901336974469553,0.999909958371718
cancer,5900,0.949397042316982,0.899225833402681,0.999911056440356
cancer,6000,0.948347847733735,0.89711469233581,0.999912154508993
cancer,6100,0.947298653150487,0.895003551268939,0.999913252577631
cancer,6200,0.94624945856724,0.892892410202067,0.999914350646269
cancer,6300,0.945200263983993,0.890781269135196,0.999915448714906
cancer,6400,0.944151069400746,0.888670128068325,0.999916546783544
cancer,6500,0.943101874817498,0.886558987001453,0.999917644852181
cancer,6600,0.942052680234251,0.884447845934582,0.999918742920819
cancer,6700,0.941003485651004,0.882336704867711,0.999919840989457
cancer,6800,0.939954291067757,0.880225563800839,0.999920939058094
cancer,6900,0.93890509648451,0.878114422733968,0.999922037126732
cancer,7000,0.937855901901262,0.876003281667097,0.999923135195369
cancer,7100,0.936806707318015,0.873892140600225,0.999924233264007
cancer,7200,0.935757512734768,0.871780999533354,0.999925331332644
cancer,7300,0.934708318151521,0.869669858466483,0.999926429401282
cancer,7400,0.933659123568274,0.867558717399611,0.99992752746992
cancer,7500,0.932609928985026,0.86544757633274,0.999928625538557
cancer,7600,0.931560734401779,0.863336435265869,0.999929723607195
cancer,7700,0.930511539818532,0.861225294198997,0.999930821675832
cancer,7800,0.929462345235285,0.859114153132126,0.99993191974447
cancer,7900,0.928413150652037,0.857003012065255,0.999933017813107
cancer,8000,0.92736395606879,0.854891870998383,0.999934115881745
cancer,8100,0.926314761485543,0.852780729931512,0.999935213950383
cancer,8200,0.925265566902296,0.850669588864641,0.99993631201902
cancer,8300,0.924216372319048,0.848558447797769,0.999937410087658
cancer,8400,0.923167177735801,0.846447306730898,0.999938508156296
cancer,8500,0.922117983152554,0.844336165664027,0.999939606224933
cancer,8600,0.921068788569307,0.842225024597155,0.999940704293571
cancer,8700,0.92001959398606,0.840113883530284,0.999941802362208
cancer,8800,0.918970399402813,0.838002742463413,0.999942900430846
cancer,8900,0.917921204819565,0.835891601396541,0.999943998499483
cancer,9000,0.916872010236318,0.83378046032967,0.999945096568121
cancer,9100,0.915822815653071,0.831669319262799,0.999946194636759
cancer,9200,0.914773621069824,0.829558178195928,0.999947292705396
cancer,9300,0.913724426486576,0.827447037129056,0.999948390774034
cancer,9400,0.912675231903329,0.825335896062185,0.999949488842671
cancer,9500,0.911626037320082,0.823224754995314,0.999950586911309
cancer,9600,0.910576842736835,0.821113613928442,0.999951684979946
cancer,9700,0.909527648153587,0.819002472861571,0.999952783048584
cancer,9800,0.90847845357034,0.8168913317947,0.999953881117222
cancer,9900,0.907429258987093,0.814780190727828,0.999954979185859
cancer,10000,0.906380064403846,0.812669049660957,0.999956077254497
cancer,10100,0.905330869820599,0.810557908594086,0.999957175323134
cancer,10200,0.904281675237351,0.808446767527214,0.999958273391772
cancer,10300,0.903232480654104,0.806335626460343,0.99995937146041
cancer,10400,0.902183286070857,0.804224485393472,0.999960469529047
cancer,10500,0.90113409148761,0.8021133443266,0.999961567597685
cancer,10600,0.900084896904363,0.800002203259729,0.999962665666322
cancer,10700,0.899035702321115,0.797891062192858,0.99996376373496
cancer,10800,0.897986507737868,0.795779921125986,0.999964861803597
cancer,10900,0.896937313154621,0.793668780059115,0.999965959872235
cancer,11000,0.895888118571374,0.791557638992244,0.999967057940873
cancer,11100,0.894838923988127,0.789446497925372,0.99996815600951
cancer,11200,0.893789729404879,0.787335356858501,0.999969254078148
cancer,11300,0.892740534821632,0.78522421579163,0.999970352146785
cancer,11400,0.891691340238385,0.783113074724758,0.999971450215423
cancer,11500,0.890642145655138,0.781001933657887,0.99997254828406
cancer,11600,0.88959295107189,0.778890792591016,0.999973646352698
cancer,11700,0.888543756488643,0.776779651524144,0.999974744421336
cancer,11800,0.887494561905396,0.774668510457273,0.999975842489973
cancer,11900,0.886445367322149,0.772557369390402,0.999976940558611
cancer,12000,0.885396172738901,0.77044622832353,0.999978038627248
cvd,0,0.99999744119123,1,1
cvd,100,1.00466605169472,1.00175015448457,1.00714269220077
cvd,200,1.00868278194311,1.00322335821124,1.01332375281272
cvd,300,1.01206608360291,1.00442677333541,1.01856110411684
cvd,400,1.01483440834068,1.00536756201245,1.02288570376664
cvd,500,1.01700620782295,1.00605288639774,1.02632525057252
cvd,600,1.01859993371625,1.00648990864667,1.02890744334486
cvd,700,1.01963403768713,1.00668579091462,1.03065998089404
cvd,800,1.02012697140212,1.00664769535697,1.03161056203047
cvd,900,1.02009718652776,1.00638278412911,1.03178688556451
cvd,1000,1.01956313473058,1.00589821938642,1.03121665030657
cvd,1100,1.01854326767713,1.00520116328429,1.02992755506702
cvd,1200,1.01705603703394,1.00429877797808,1.02794729865626
cvd,1300,1.01511989446755,1.0031982256232,1.02530357988467
cvd,1400,1.0127532916445,1.00190666837502,1.02202409756264
cvd,1500,1.00997468023132,1.00043126838892,1.01813655050055
cvd,1600,1.00680251189455,0.998779187820287,1.0136686375088
cvd,1700,1.00325523830073,0.996957588824504,1.00864805739777
cvd,1800,0.999351311116394,0.994973633556955,1.00310250897784
cvd,1900,0.995109182008084,0.99283448417302,0.997059691059414
cvd,2000,0.990547302642334,0.990547302452868,0.990547302828084
cvd,2100,0.985685187007602,0.983594537963148,0.988119772525227
cvd,2200,0.980546598380019,0.976236576373426,0.985561659658315
cvd,2300,0.975156362357633,0.968510092461431,0.982883251468914
cvd,2400,0.969539304538497,0.960451761004891,0.980094835198589
cvd,2500,0.963720250520658,0.952098256781536,0.977206698088905
cvd,2600,0.957724025902167,0.943486254569093,0.974229127381425
cvd,2700,0.951575456281074,0.934652429145293,0.971172410317717
cvd,2800,0.94529936725543,0.925633455287863,0.968046834139343
cvd,2900,0.938920584423283,0.916466007774533,0.964862686087869
cvd,3000,0.932463933382684,0.90718676138303,0.961630253404861
cvd,3100,0.925954239731682,0.897832390891085,0.958359823331881
cvd,3200,0.919416329068329,0.888439571076424,0.955061683110497
cvd,3300,0.912875026990672,0.879044976716778,0.951746119982271
cvd,3400,0.906355159096764,0.869685282589875,0.94842342118877
cvd,3500,0.899881550984653,0.860397163473443,0.945103873971557
cvd,3600,0.893479028252389,0.851217294145212,0.941797765572199
cvd,3700,0.887172416498022,0.84218234938291,0.938515383232259
cvd,3800,0.880986541319602,0.833329003964266,0.935267014193303
cvd,3900,0.87494622831518,0.824693932667009,0.932062945696894
cvd,4000,0.869076303082805,0.816313810268866,0.9289134649846
cvd,4100,0.863396279610932,0.808217831574784,0.925826255059498
cvd,4200,0.857904425449644,0.800405271498566,0.922798581970729
cvd,4300,0.852593696539429,0.792867924981235,0.919825107528948
cvd,4400,0.847457048820772,0.785597586963811,0.916900493544811
cvd,4500,0.842487438234163,0.778586052387315,0.914019401828972
cvd,4600,0.837677820720089,0.771825116192769,0.911176494192087
cvd,4700,0.833021152219037,0.765306573321194,0.90836643244481
cvd,4800,0.828510388671494,0.75902221871361,0.905583878397796
cvd,4900,0.824138486017949,0.752963847311039,0.902823493861701
cvd,5000,0.819898400198889,0.747123254054502,0.90007994064718
cvd,5100,0.815783087154801,0.74149223388502,0.897347880564888
cvd,5200,0.811785502826172,0.736062581743614,0.89462197542548
cvd,5300,0.807898603153492,0.730826092571306,0.891896887039611
cvd,5400,0.804115344077246,0.725774561309115,0.889167277217936
cvd,5500,0.800428681537923,0.720899782898065,0.88642780777111
cvd,5600,0.79683157147601,0.716193552279174,0.883673140509788
cvd,5700,0.793316969831994,0.711647664393465,0.880897937244626
cvd,5800,0.789877832546364,0.707253914181959,0.878096859786279
cvd,5900,0.786507115559607,0.703004096585677,0.8752645699454
cvd,6000,0.783197774812209,0.69889000654564,0.872395729532647
cvd,6100,0.779943946092802,0.694904272391286,0.869487227064408
cvd,6200,0.776744484582581,0.69104285600573,0.866544857880019
cvd,6300,0.773599425310886,0.687302552660501,0.863576644024546
cvd,6400,0.770508803307056,0.68368015762713,0.86059060754306
cvd,6500,0.767472653600429,0.680172466177149,0.857594770480629
cvd,6600,0.764491011220346,0.676776273582088,0.854597154882321
cvd,6700,0.761563911196144,0.673488375113477,0.851605782793206
cvd,6800,0.758691388557163,0.670305566042847,0.848628676258353
cvd,6900,0.755873478332742,0.66722464164173,0.84567385732283
cvd,7000,0.75311021555222,0.664242397181656,0.842749348031706
cvd,7100,0.750401635244936,0.661355627934156,0.83986317043005
cvd,7200,0.747747772440228,0.65856112917076,0.837023346562931
cvd,7300,0.745148662167436,0.655855696163,0.834237898475418
cvd,7400,0.742604339455899,0.653236326540333,0.831514848212579
cvd,7500,0.740114839334956,0.65069971961065,0.828862217819483
cvd,7600,0.737680196833946,0.648242246979571,0.826288029341199
cvd,7700,0.735300446982208,0.645856781351137,0.823800304822796
cvd,7800,0.732975624809081,0.643552351962307,0.821407066309343
cvd,7900,0.730705765343903,0.641314014190506,0.819116335845909
cvd,8000,0.728490903616015,0.639142309075056,0.816936135477562
cvd,8100,0.726331232468427,0.637034872596404,0.814872156268874
cvd,8200,0.724227575998843,0.634992703570665,0.812920765362428
cvd,8300,0.72218091611864,0.633017641522871,0.811075998920312
cvd,8400,0.720192234739195,0.631111525978052,0.809331893104611
cvd,8500,0.718262513771883,0.629276196461241,0.807682484077412
cvd,8600,0.71639273512808,0.627513492497469,0.806121808000801
cvd,8700,0.714583880719164,0.625825253611766,0.804643901036865
cvd,8800,0.712836932456511,0.624213319329165,0.80324279934769
cvd,8900,0.711152872251497,0.622679529174697,0.801912539095363
cvd,9000,0.709532682015498,0.621225722673393,0.800647156441969
cvd,9100,0.707977343659892,0.619853739350285,0.799440687549596
cvd,9200,0.706487839096053,0.618565418730403,0.798287168580329
cvd,9300,0.70506515023536,0.61736260033878,0.797180635696256
cvd,9400,0.703710258989188,0.616247123700448,0.796115125059462
cvd,9500,0.702424147268913,0.615220828340436,0.795084672832034
cvd,9600,0.701207796985912,0.614285553783777,0.794083315176058
cvd,9700,0.700062190051562,0.613443139555502,0.793105088253621
cvd,9800,0.698988308377238,0.612695425180642,0.79214402822681
cvd,9900,0.697987133874318,0.612044250184229,0.791194171257709
cvd,10000,0.697059648454177,0.611491454091294,0.790249553508407
cvd,10100,0.696206802465458,0.611038708285085,0.789304677337089
cvd,10200,0.695429420005864,0.610687011581718,0.788355909886338
cvd,10300,0.694728293610363,0.610437194655522,0.787400084494837
cvd,10400,0.694104215813926,0.61029008818083,0.786434034501269
cvd,10500,0.69355797915152,0.610246522831973,0.785454593244317
cvd,10600,0.693090376158114,0.610307329283281,0.784458594062664
cvd,10700,0.692702199368679,0.610473338209087,0.783442870294993
cvd,10800,0.692394241318182,0.610745380283721,0.782404255279986
cvd,10900,0.692167294541592,0.611124286181515,0.781339582356327
cvd,11000,0.692022151573879,0.6116108865768,0.780245684862698
cvd,11100,0.69195960495001,0.612206012143908,0.779119396137783
cvd,11200,0.691980447204957,0.612910493557169,0.777957549520263
cvd,11300,0.692085470873686,0.613725161490914,0.776756978348823
cvd,11400,0.692275468491167,0.614650846619476,0.775514515962145
cvd,11500,0.692551232592369,0.615688379617186,0.774226995698912
cvd,11600,0.692913555712262,0.616838591158374,0.772891250897807
cvd,11700,0.693363230385813,0.618102311917372,0.771504114897512
cvd,11800,0.693901049147991,0.619480372568511,0.770062421036711
cvd,11900,0.694527804533767,0.620973603786123,0.768563002654086
cvd,12000,0.695244289078108,0.622582836244538,0.76700269308832
dem,0,1,1,1
dem,100,1.00179423396684,1.00089188093185,1.0025709977563
dem,200,1.00355221786273,1.00176108101133,1.00509406478316
dem,300,1.00523770161672,1.00258491938605,1.00752127035114
dem,400,1.00681443515786,1.00334071520363,1.00980468373081
dem,500,1.00824616841521,1.0040057876117,1.01189637419274
dem,600,1.0094966513178,1.00455745575788,1.01374841100747
dem,700,1.0105296337947,1.00497303878979,1.01531286344558
dem,800,1.01130886577495,1.00522985585505,1.01654180077762
dem,900,1.01179809718761,1.00530522610129,1.01738729227416
dem,1000,1.01196107796172,1.00517646867612,1.01780140720577
dem,1100,1.01176155802634,1.00482090272716,1.01773621484299
dem,1200,1.0111632873105,1.00421584740205,1.01714378445641
dem,1300,1.01013001574328,1.00333862184839,1.01597618531657
dem,1400,1.00862549325371,1.00216654521382,1.01418548669404
dem,1500,1.00661346977085,1.00067693664595,1.01172375785939
dem,1600,1.00405769522374,0.998847115292399,1.00854306808317
dem,1700,1.00092191954144,0.996654400300799,1.00459548663595
dem,1800,0.997169892653003,0.994076110818768,0.999833082788288
dem,1900,0.99276536448747,0.991089565993926,0.994207925810749
dem,2000,0.987672084973896,0.987672084973896,0.987672084973896
dem,2100,0.981868639513458,0.980197599420962,0.983809930910969
dem,2200,0.97539295539584,0.971836387785874,0.979525142976118
dem,2300,0.968297795382854,0.962660338575229,0.974848704344985
dem,2400,0.960635922236312,0.952741340295625,0.969811598193213
dem,2500,0.952460098718024,0.942151281453661,0.964444807696444
dem,2600,0.943823087589801,0.930962050555933,0.958779316030321
dem,2700,0.934777651613456,0.919245536109042,0.952846106370485
dem,2800,0.925376553550799,0.907073626619583,0.94667616189258
dem,2900,0.915672556163643,0.894518210594156,0.940300465772248
dem,3000,0.905718422213797,0.881651176539358,0.933750001185132
dem,3100,0.895566914463074,0.868544412961787,0.927055751306873
dem,3200,0.885270795673285,0.855269808368042,0.920248699313115
dem,3300,0.874882828606242,0.841899251264719,0.913359828379499
dem,3400,0.864455776023755,0.828504630158419,0.906420121681669
dem,3500,0.854042400687636,0.815157833555738,0.899460562395266
dem,3600,0.843695465359696,0.801925642904615,0.892512133695934
dem,3700,0.833467732801747,0.788881332214401,0.885605818759314
dem,3800,0.8234119657756,0.776098784182677,0.87877260076105
dem,3900,0.813580927043067,0.763649766273325,0.872043462876783
dem,4000,0.804027379365958,0.75160604595023,0.865449388282157
dem,4100,0.794793226415719,0.740024223425752,0.859015073813466
dem,4200,0.785876935502329,0.728900229906162,0.852740070949619
dem,4300,0.777266114845401,0.718214829346211,0.846617644830179
dem,4400,0.768948372664548,0.707948785700648,0.840641060594707
dem,4500,0.760911317179383,0.698082862924221,0.834803583382766
dem,4600,0.75314255660952,0.688597824971681,0.829098478333916
dem,4700,0.74562969917457,0.679474435797777,0.82351901058772
dem,4800,0.738360353094147,0.670693459357258,0.81805844528374
dem,4900,0.731322126587865,0.662235659604873,0.812710047561537
dem,5000,0.724502627875335,0.654081800495372,0.807467082560674
dem,5100,0.717889465176171,0.646212645983504,0.802322815420713
dem,5200,0.711470246709986,0.63860896002402,0.797258979955582
dem,5300,0.705232580696394,0.631251506571667,0.792266178616461
dem,5400,0.699164075355006,0.624121049581196,0.787360208438698
dem,5500,0.693252338905436,0.617198353007355,0.782535634645552
dem,5600,0.687484979567297,0.610464180804895,0.777787022460279
dem,5700,0.681849605560202,0.603899296928564,0.773108937106137
dem,5800,0.676333825103763,0.597484465333112,0.768495943806384
dem,5900,0.670925246417595,0.591200449973289,0.763913618040899
dem,6000,0.66561147772131,0.585028014803843,0.759354562929335
dem,6100,0.660382626512967,0.578951887688214,0.754828805001951
dem,6200,0.655238797404413,0.572972652124596,0.750339349036606
dem,6300,0.650182594285942,0.567094855519873,0.745891147738819
dem,6400,0.645216621047847,0.56132304528093,0.741489153814109
dem,6500,0.640343481580421,0.555661768814651,0.737138319967994
dem,6600,0.635565779773958,0.55011557352792,0.732843598905993
dem,6700,0.63088611951875,0.544689006827622,0.728609943333626
dem,6800,0.626307104705092,0.539386616120639,0.72444230595641
dem,6900,0.621831339223277,0.534212948813857,0.720345639479865
dem,7000,0.617461426963597,0.52917255231416,0.716324896609508
dem,7100,0.613199971816347,0.524269974028431,0.712385030050861
dem,7200,0.60904957767182,0.519509761363556,0.70853099250944
dem,7300,0.605012848420309,0.514896461726418,0.704767736690764
dem,7400,0.601092387952107,0.510434622523901,0.701100215300354
dem,7500,0.597290800157508,0.50612879116289,0.697533381043726
dem,7600,0.593610688926805,0.501983515050269,0.694072186626401
dem,7700,0.590054658150291,0.498003341592922,0.690721584753896
dem,7800,0.58662531171826,0.494192818197732,0.687486528131731
dem,7900,0.583325253521006,0.490556492271585,0.684371969465424
dem,8000,0.580157087448821,0.487098911221365,0.681382861460495
dem,8100,0.57712352764731,0.483823680316457,0.678524036291807
dem,8200,0.574227729283323,0.480730636276254,0.675799844011605
dem,8300,0.571472957779021,0.477818673682651,0.67321451414148
dem,8400,0.568862478556565,0.475086687117543,0.670772276203022
dem,8500,0.566399557038117,0.472533571162825,0.668477359717822
dem,8600,0.564087458645837,0.47015822040039,0.66633399420747
dem,8700,0.561929448801887,0.467959529412134,0.664346409193556
dem,8800,0.559928792928428,0.465936392779952,0.662518834197672
dem,8900,0.558088756447621,0.464087705085738,0.660855498741407
dem,9000,0.556412604781626,0.462412360911387,0.659360632346351
dem,9100,0.554903603352606,0.460909254838793,0.658038464534096
dem,9200,0.553565017582721,0.459577281449851,0.656893224826231
dem,9300,0.552400112894132,0.458415335326457,0.655929142744348
dem,9400,0.551412154709001,0.457422311050504,0.655150447810036
dem,9500,0.550604408449488,0.456597103203887,0.654561369544886
dem,9600,0.549980139537755,0.455938606368501,0.654166137470488
dem,9700,0.549542613395963,0.455445715126241,0.653968981108433
dem,9800,0.549295095446274,0.455117324059002,0.653974129980311
dem,9900,0.549240851110847,0.454952327748677,0.654185813607714
dem,10000,0.549383145811844,0.454949620777162,0.654608261512229
dem,10100,0.549723035697246,0.455106938763363,0.655243206680196
dem,10200,0.550252739818303,0.455417381474234,0.656082395956931
dem,10300,0.550962267952087,0.455872889713738,0.657115079652501
dem,10400,0.551841629875669,0.456465404285842,0.658330508076969
dem,10500,0.552880835366119,0.457186865994508,0.659717931540401
dem,10600,0.554069894200509,0.458029215643703,0.661266600352861
dem,10700,0.555398816155908,0.458984394037391,0.662965764824414
dem,10800,0.556857611009387,0.460044341979538,0.664804675265126
dem,10900,0.558436288538018,0.461201000274106,0.66677258198506
dem,11000,0.560124858518871,0.462446309725062,0.668858735294281
dem,11100,0.561913330729016,0.463772211136371,0.671052385502855
dem,11200,0.563791714945525,0.465170645311996,0.673342782920845
dem,11300,0.565750020945468,0.466633553055903,0.675719177858318
dem,11400,0.567778258505916,0.468152875172057,0.678170820625337
dem,11500,0.56986643740394,0.469720552464422,0.680686961531967
dem,11600,0.572004567416609,0.471328525736963,0.683256850888274
dem,11700,0.574182658320996,0.472968735793645,0.685869739004321
dem,11800,0.576390719894171,0.474633123438433,0.688514876190174
dem,11900,0.578618761913205,0.476313629475291,0.691181512755898
dem,12000,0.580856794155167,0.478002194708184,0.693858899011557
dep,0,1.02916244580222,1.02321778272738,1.03438195531097
dep,100,1.02559926054476,1.02044056632866,1.03013626501209
dep,200,1.0220360752873,1.017656547344,1.02590004108741
dep,300,1.01847289002984,1.01491071804399,1.02161609737115
dep,400,1.01490970477238,1.01215487946535,1.01735637975362
dep,500,1.01134651951492,1.00938833259697,1.0131409946489
dep,600,1.00778333425746,1.00652460852493,1.00895630045782
dep,700,1.004220149,1.00365316872149,1.00478621974926
dep,800,1.00065696374254,0.999925932624199,1.00104120636035
dep,900,0.997093778485083,0.995636970203491,0.99823709058958
dep,1000,0.993530593227623,0.991329180245383,0.995459915194074
dep,1100,0.989967407970163,0.9870341141279,0.992590513345567
dep,1200,0.986404222712703,0.982742722440071,0.989778443647924
dep,1300,0.982841037455242,0.978458624140017,0.98698950949963
dep,1400,0.979277852197782,0.974164037624149,0.984200575351336
dep,1500,0.975714666940322,0.969869712739986,0.981411641203041
dep,1600,0.972151481682862,0.965582690796789,0.978622707054746
dep,1700,0.968588296425402,0.961302564582375,0.975833772906452
dep,1800,0.965025111167941,0.957001805160993,0.973049545653451
dep,1900,0.961461925910481,0.952695991220303,0.970268309291871
dep,2000,0.957898740653021,0.948396913482241,0.967487072930291
dep,2100,0.954335555395561,0.944102064246221,0.96470583656871
dep,2200,0.950772370138101,0.939807345497201,0.96192460020713
dep,2300,0.94720918488064,0.935512758981332,0.95914336384555
dep,2400,0.94364599962318,0.931218172465464,0.95636212748397
dep,2500,0.94008281436572,0.926923585949595,0.953580891122389
dep,2600,0.93651962910826,0.922628999433727,0.950799654760809
dep,2700,0.9329564438508,0.918334456438231,0.948018418399229
dep,2800,0.929393258593339,0.914040123776686,0.945237182037648
dep,2900,0.925830073335879,0.909745791115142,0.942455945676068
dep,3000,0.922266888078419,0.905451458453597,0.939674709314488
dep,3100,0.918703702820959,0.901164826267215,0.936893472952908
dep,3200,0.915140517563499,0.896879158731059,0.934112236591328
dep,3300,0.911577332306038,0.892593491194903,0.931331000229747
dep,3400,0.908014147048578,0.888307823658746,0.928549763868167
dep,3500,0.904450961791118,0.88402215612259,0.925768527506587
dep,3600,0.900887776533658,0.879736488586434,0.922987291145006
dep,3700,0.897324591276198,0.875450821050277,0.920206054783426
dep,3800,0.893761406018738,0.871165153514121,0.917424818421846
dep,3900,0.890198220761277,0.866879485977965,0.914643582060265
dep,4000,0.886635035503817,0.862593818441808,0.911862345698685
dep,4100,0.883071850246357,0.858308150905652,0.909081109337105
dep,4200,0.879508664988897,0.854022483369496,0.906299872975525
dep,4300,0.875945479731437,0.849736815833339,0.903518636613945
dep,4400,0.872382294473977,0.845451148297183,0.900737400252364
dep,4500,0.868819109216516,0.841165480761027,0.897956163890784
dep,4600,0.865255923959056,0.83687981322487,0.895174927529204
dep,4700,0.861692738701596,0.832594145688714,0.892393691167623
dep,4800,0.858129553444136,0.828308478152558,0.889612454806043
dep,4900,0.854566368186676,0.824022810616402,0.886831218444463
dep,5000,0.851003182929216,0.819737143080245,0.884049982082883
dep,5100,0.847439997671755,0.815451475544089,0.881268745721302
dep,5200,0.843876812414295,0.811165808007933,0.878487509359722
dep,5300,0.840313627156835,0.806880140471776,0.875706272998142
dep,5400,0.836750441899375,0.80259447293562,0.872925036636562
dep,5500,0.833187256641914,0.798308805399464,0.870143800274981
dep,5600,0.829624071384454,0.794023137863308,0.867362563913401
dep,5700,0.826060886126994,0.789737470327152,0.864581327551821
dep,5800,0.822497700869534,0.785451802790995,0.861800091190241
dep,5900,0.818934515612074,0.781166135254839,0.85901885482866
dep,6000,0.815371330354614,0.776880467718683,0.85623761846708
dep,6100,0.811808145097153,0.772594800182526,0.8534563821055
dep,6200,0.808244959839693,0.76830913264637,0.85067514574392
dep,6300,0.804681774582233,0.764023465110214,0.847893909382339
dep,6400,0.801118589324773,0.759737797574057,0.845112673020759
dep,6500,0.797555404067313,0.755452130037901,0.842331436659179
dep,6600,0.793992218809852,0.751166462501745,0.839550200297598
dep,6700,0.790429033552392,0.746880794965589,0.836768963936018
dep,6800,0.786865848294932,0.742595127429432,0.833987727574438
dep,6900,0.783302663037472,0.738309459893276,0.831206491212858
dep,7000,0.779739477780012,0.73402379235712,0.828425254851278
dep,7100,0.776176292522551,0.729738124820963,0.825644018489697
dep,7200,0.772613107265091,0.725452457284807,0.822862782128117
dep,7300,0.769049922007631,0.721166789748651,0.820081545766537
dep,7400,0.765486736750171,0.716881122212494,0.817300309404956
dep,7500,0.761923551492711,0.712595454676338,0.814519073043376
dep,7600,0.75836036623525,0.708309787140182,0.811737836681796
dep,7700,0.75479718097779,0.704024119604026,0.808956600320216
dep,7800,0.75123399572033,0.699738452067869,0.806175363958636
dep,7900,0.74767081046287,0.695452784531713,0.803394127597055
dep,8000,0.74410762520541,0.691167116995557,0.800612891235475
dep,8100,0.74054443994795,0.6868814494594,0.797831654873895
dep,8200,0.736981254690489,0.682595781923244,0.795050418512314
dep,8300,0.733418069433029,0.678310114387088,0.792269182150734
dep,8400,0.729854884175569,0.674024446850932,0.789487945789154
dep,8500,0.726291698918109,0.669738779314775,0.786706709427574
dep,8600,0.722728513660649,0.665453111778619,0.783925473065993
dep,8700,0.719165328403188,0.661167444242463,0.781144236704413
dep,8800,0.715602143145728,0.656881776706306,0.778363000342833
dep,8900,0.712038957888268,0.65259610917015,0.775581763981253
dep,9000,0.708475772630808,0.648310441633994,0.772800527619672
dep,9100,0.704912587373348,0.644024774097837,0.770019291258092
dep,9200,0.701349402115887,0.639739106561681,0.767238054896512
dep,9300,0.697786216858427,0.635453439025525,0.764456818534931
dep,9400,0.694223031600967,0.631167771489368,0.761675582173351
dep,9500,0.690659846343507,0.626882103953212,0.758894345811771
dep,9600,0.687096661086047,0.622596436417056,0.756113109450191
dep,9700,0.683533475828587,0.6183107688809,0.753331873088611
dep,9800,0.679970290571126,0.614025101344743,0.75055063672703
dep,9900,0.676407105313666,0.609739433808587,0.74776940036545
dep,10000,0.672843920056206,0.605453766272431,0.74498816400387
dep,10100,0.669280734798746,0.601168098736275,0.742206927642289
dep,10200,0.665717549541286,0.596882431200118,0.739425691280709
dep,10300,0.662154364283825,0.592596763663962,0.736644454919129
dep,10400,0.658591179026365,0.588311096127806,0.733863218557549
dep,10500,0.655027993768905,0.584025428591649,0.731081982195969
dep,10600,0.651464808511445,0.579739761055493,0.728300745834388
dep,10700,0.647901623253985,0.575454093519337,0.725519509472808
dep,10800,0.644338437996524,0.571168425983181,0.722738273111228
dep,10900,0.640775252739064,0.566882758447024,0.719957036749647
dep,11000,0.637212067481604,0.562597090910868,0.717175800388067
dep,11100,0.633648882224144,0.558311423374712,0.714394564026487
dep,11200,0.630085696966684,0.554025755838555,0.711613327664907
dep,11300,0.626522511709224,0.549740088302399,0.708832091303326
dep,11400,0.622959326451763,0.545454420766243,0.706050854941746
dep,11500,0.619396141194303,0.541168753230087,0.703269618580166
dep,11600,0.615832955936843,0.53688308569393,0.700488382218586
dep,11700,0.612269770679383,0.532597418157774,0.697707145857005
dep,11800,0.608706585421922,0.528311750621618,0.694925909495425
dep,11900,0.605143400164462,0.524026083085461,0.692144673133845
dep,12000,0.601580214907002,0.519740415549305,0.689363436772264
diab2,0,1.01758389031713,0.99548083376484,1.03072326695988
diab2,100,1.01524797500327,0.995526024971102,1.02681877584823
diab2,200,1.01291205968942,0.99557121663806,1.02293700260381
diab2,300,1.01057614437556,0.99561640821009,1.01900186621321
diab2,400,1.0082402290617,0.995661599875905,1.01519029918002
diab2,500,1.00590431374785,0.995706791515101,1.01140031091899
diab2,600,1.00356839843399,0.99573682547095,1.00756910819691
diab2,700,1.00123248312013,0.995439174821622,1.00385241639315
diab2,800,0.998896567806273,0.994294436900493,1.00034297513305
diab2,900,0.996560652492416,0.993584310545254,0.997732007044258
diab2,1000,0.994224737178559,0.99072271535815,0.995928934601795
diab2,1100,0.991888821864702,0.986576221364393,0.994863433612606
diab2,1200,0.989552906550844,0.982429727370636,0.994269432581787
diab2,1300,0.987216991236987,0.978283233376879,0.993864105038158
diab2,1400,0.98488107592313,0.974136739383122,0.99356897859244
diab2,1500,0.982545160609273,0.969990245389365,0.99328115708673
diab2,1600,0.980209245295415,0.965843751395609,0.992989164827434
diab2,1700,0.977873329981558,0.961697257401852,0.992704130238784
diab2,1800,0.975537414667701,0.957550763408095,0.992419095650134
diab2,1900,0.973201499353844,0.953404269414338,0.99222773029578
diab2,2000,0.970865584039986,0.949257775420581,0.992073722641097
diab2,2100,0.968529668726129,0.945111281426824,0.991919714986413
diab2,2200,0.966193753412272,0.940964787433067,0.991765707331729
diab2,2300,0.963857838098415,0.936818293439311,0.991611699677046
diab2,2400,0.961521922784558,0.932671799445554,0.991457692022362
diab2,2500,0.9591860074707,0.928525305451797,0.991303684367679
diab2,2600,0.956850092156843,0.92437881145804,0.991149676712995
diab2,2700,0.954514176842986,0.920232317464283,0.990995669058311
diab2,2800,0.952178261529129,0.916085823470526,0.990841661403628
diab2,2900,0.949842346215272,0.911939329476769,0.990687653748944
diab2,3000,0.947506430901414,0.907792835483012,0.99053364609426
diab2,3100,0.945170515587557,0.903646341489256,0.990379638439577
diab2,3200,0.9428346002737,0.899499847495499,0.990225630784893
diab2,3300,0.940498684959842,0.895353353501742,0.990071623130209
diab2,3400,0.938162769645985,0.891206859507985,0.989917615475526
diab2,3500,0.935826854332128,0.887060365514228,0.989763607820842
diab2,3600,0.933490939018271,0.882913871520471,0.989609600166158
diab2,3700,0.931155023704413,0.878767377526715,0.989455592511475
diab2,3800,0.928819108390556,0.874620883532958,0.989301584856791
diab2,3900,0.926483193076699,0.870474389539201,0.989147577202108
diab2,4000,0.924147277762842,0.866327895545444,0.988993569547424
diab2,4100,0.921811362448985,0.862181401551687,0.98883956189274
diab2,4200,0.919475447135127,0.85803490755793,0.988685554238057
diab2,4300,0.91713953182127,0.853888413564173,0.988531546583373
diab2,4400,0.914803616507413,0.849741919570416,0.98837753892869
diab2,4500,0.912467701193556,0.845595425576659,0.988223531274006
diab2,4600,0.910131785879698,0.841448931582903,0.988069523619322
diab2,4700,0.907795870565841,0.837302437589146,0.987915515964639
diab2,4800,0.905459955251984,0.833155943595389,0.987761508309955
diab2,4900,0.903124039938127,0.829009449601632,0.987607500655271
diab2,5000,0.900788124624269,0.824862955607875,0.987453493000588
diab2,5100,0.898452209310412,0.820716461614118,0.987299485345904
diab2,5200,0.896116293996555,0.816569967620361,0.98714547769122
diab2,5300,0.893780378682698,0.812423473626605,0.986991470036537
diab2,5400,0.89144446336884,0.808276979632848,0.986837462381853
diab2,5500,0.889108548054983,0.804130485639091,0.98668345472717
diab2,5600,0.886772632741126,0.799983991645334,0.986529447072486
diab2,5700,0.884436717427269,0.795837497651577,0.986375439417802
diab2,5800,0.882100802113412,0.79169100365782,0.986221431763119
diab2,5900,0.879764886799554,0.787544509664063,0.986067424108435
diab2,6000,0.877428971485697,0.783398015670307,0.985913416453751
diab2,6100,0.87509305617184,0.77925152167655,0.985759408799068
diab2,6200,0.872757140857983,0.775105027682793,0.985605401144384
diab2,6300,0.870421225544125,0.770958533689036,0.985451393489701
diab2,6400,0.868085310230268,0.766812039695279,0.985297385835017
diab2,6500,0.865749394916411,0.762665545701522,0.985143378180333
diab2,6600,0.863413479602554,0.758519051707765,0.984989370525649
diab2,6700,0.861077564288696,0.754372557714008,0.984835362870966
diab2,6800,0.858741648974839,0.750226063720251,0.984681355216282
diab2,6900,0.856405733660982,0.746079569726495,0.984527347561599
diab2,7000,0.854069818347125,0.741933075732738,0.984373339906915
diab2,7100,0.851733903033268,0.737786581738981,0.984219332252231
diab2,7200,0.84939798771941,0.733640087745224,0.984065324597548
diab2,7300,0.847062072405553,0.729493593751467,0.983911316942864
diab2,7400,0.844726157091696,0.72534709975771,0.98375730928818
diab2,7500,0.842390241777838,0.721200605763954,0.983603301633497
diab2,7600,0.840054326463981,0.717054111770197,0.983449293978813
diab2,7700,0.837718411150124,0.71290761777644,0.98329528632413
diab2,7800,0.835382495836267,0.708761123782683,0.983141278669446
diab2,7900,0.83304658052241,0.704614629788926,0.982987271014762
diab2,8000,0.830710665208552,0.700468135795169,0.982833263360079
diab2,8100,0.828374749894695,0.696321641801412,0.982679255705395
diab2,8200,0.826038834580838,0.692175147807655,0.982525248050711
diab2,8300,0.823702919266981,0.688028653813899,0.982371240396028
diab2,8400,0.821367003953123,0.683882159820142,0.982217232741344
diab2,8500,0.819031088639266,0.679735665826385,0.982063225086661
diab2,8600,0.816695173325409,0.675589171832628,0.981909217431977
diab2,8700,0.814359258011552,0.671442677838871,0.981755209777293
diab2,8800,0.812023342697695,0.667296183845114,0.98160120212261
diab2,8900,0.809687427383837,0.663149689851357,0.981447194467926
diab2,9000,0.80735151206998,0.659003195857601,0.981293186813242
diab2,9100,0.805015596756123,0.654856701863844,0.981139179158559
diab2,9200,0.802679681442266,0.650710207870087,0.980985171503875
diab2,9300,0.800343766128408,0.64656371387633,0.980831163849191
diab2,9400,0.798007850814551,0.642417219882573,0.980677156194508
diab2,9500,0.795671935500694,0.638270725888816,0.980523148539824
diab2,9600,0.793336020186837,0.634124231895059,0.98036914088514
diab2,9700,0.79100010487298,0.629977737901302,0.980215133230457
diab2,9800,0.788664189559122,0.625831243907546,0.980061125575773
diab2,9900,0.786328274245265,0.621684749913789,0.97990711792109
diab2,10000,0.783992358931408,0.617538255920032,0.979753110266406
diab2,10100,0.781656443617551,0.613391761926275,0.979599102611722
diab2,10200,0.779320528303693,0.609245267932518,0.979445094957039
diab2,10300,0.776984612989836,0.605098773938761,0.979291087302355
diab2,10400,0.774648697675979,0.600952279945004,0.979137079647671
diab2,10500,0.772312782362122,0.596805785951247,0.978983071992988
diab2,10600,0.769976867048264,0.592659291957491,0.978829064338304
diab2,10700,0.767640951734407,0.588512797963734,0.97867505668362
diab2,10800,0.76530503642055,0.584366303969977,0.978521049028937
diab2,10900,0.762969121106693,0.58021980997622,0.978367041374253
diab2,11000,0.760633205792835,0.576073315982463,0.97821303371957
diab2,11100,0.758297290478978,0.571926821988706,0.978059026064886
diab2,11200,0.755961375165121,0.56778032799495,0.977905018410202
diab2,11300,0.753625459851264,0.563633834001193,0.977751010755519
diab2,11400,0.751289544537407,0.559487340007436,0.977597003100835
diab2,11500,0.748953629223549,0.555340846013679,0.977442995446151
diab2,11600,0.746617713909692,0.551194352019922,0.977288987791468
diab2,11700,0.744281798595835,0.547047858026165,0.977134980136784
diab2,11800,0.741945883281978,0.542901364032408,0.976980972482101
diab2,11900,0.73960996796812,0.538754870038651,0.976826964827417
diab2,12000,0.737274052654263,0.534608376044894,0.976672957172733
mort,0,1,1,1
mort,100,1.01372686706981,1.00980112456595,1.01751277383594
mort,200,1.02555524578686,1.0182177496336,1.03263119948892
mort,300,1.03554405235496,1.02529200042317,1.04543041579536
mort,400,1.04375220297795,1.03106600215489,1.05598556159167
mort,500,1.05023861385964,1.03558188004896,1.06437177571425
mort,600,1.05506220120385,1.0388817593256,1.07066419699952
mort,700,1.05828188121443,1.04100776520504,1.07493796428389
mort,800,1.05995657009517,1.04200202290749,1.07726821640375
mort,900,1.06014518404992,1.04190665765317,1.07773009219554
mort,1000,1.0589066392825,1.0407637946623,1.07639873049564
mort,1100,1.05629985199673,1.0386155591551,1.07334927014048
mort,1200,1.05238373839643,1.03550407635177,1.06865684996647
mort,1300,1.04721721468543,1.03147147147255,1.06239660881
mort,1400,1.04085919706755,1.02655986973765,1.05464361804521
mort,1500,1.03336860174662,1.02081139636728,1.04547302688298
mort,1600,1.02480434492646,1.01426817658168,1.03496007236148
mort,1700,1.0152253428109,1.00697233560104,1.02317990401928
mort,1800,1.00469051160376,0.998965998645593,1.01020767139494
mort,1900,0.993258767508856,0.990291290935556,0.996118524027027
mort,2000,0.980989026730026,0.980987595762442,0.980990337691146
mort,2100,0.967944441725291,0.964895869730528,0.971108018789845
mort,2200,0.954205109969488,0.947947185683254,0.960700232738186
mort,2300,0.939855365191659,0.930251280677363,0.949825632699966
mort,2400,0.924979541120842,0.911917897682481,0.938542871838984
mort,2500,0.909661971486079,0.893056778190013,0.926910603319036
mort,2600,0.893986990016409,0.873777663691364,0.91498748030392
mort,2700,0.878038930440872,0.854190295677941,0.902832155957433
mort,2800,0.861902126488509,0.834404415641147,0.890503283443373
mort,2900,0.84566091188836,0.814529765072389,0.878059515925537
mort,3000,0.829399620369464,0.794676085463072,0.865559506567722
mort,3100,0.813202585660863,0.774953118304601,0.853061908533726
mort,3200,0.797154141491595,0.755470605088381,0.840625374987347
mort,3300,0.781338621590702,0.736338287305818,0.82830855909238
mort,3400,0.765840359687223,0.717665906448317,0.816170114012625
mort,3500,0.750743689510199,0.699563204007283,0.804268692911878
mort,3600,0.736132944788669,0.682139921474122,0.792662948953937
mort,3700,0.722092459251674,0.665505800340239,0.781411535302599
mort,3800,0.708706566628254,0.649770582097038,0.770573105121662
mort,3900,0.696059600647449,0.635044008235927,0.760206311574922
mort,4000,0.684235895038299,0.621435820248309,0.750369807826178
mort,4100,0.673298602258831,0.609026921116836,0.74110847375291
mort,4200,0.663226149683019,0.597782859789145,0.732412096087335
mort,4300,0.653975783413824,0.587640346704116,0.724256688275353
mort,4400,0.645504749554206,0.578536092300633,0.716618263762864
mort,4500,0.637770294207126,0.570406807017576,0.709472835995769
mort,4600,0.630729663475545,0.563189201293829,0.702796418419968
mort,4700,0.624340103462423,0.556819985568272,0.69656502448136
mort,4800,0.61855886027072,0.551235870279788,0.690754667625847
mort,4900,0.613343180003399,0.546373565867259,0.685341361299328
mort,5000,0.608650308763419,0.542169782769567,0.680301118947704
mort,5100,0.604437492653741,0.538561231425594,0.675609954016874
mort,5200,0.600661977777326,0.535484622274221,0.671243879952739
mort,5300,0.597281010237134,0.532876665754331,0.6671789102012
mort,5400,0.594251836136126,0.530674072304806,0.663391058208155
mort,5500,0.591531701577262,0.528813552364527,0.659856337419507
mort,5600,0.589077852663504,0.527231816372377,0.656550761281154
mort,5700,0.586847535497813,0.525865574767238,0.653450343238997
mort,5800,0.584797996183148,0.52465153798799,0.650531096738937
mort,5900,0.58288648082247,0.523526416473518,0.647769035226873
mort,6000,0.58107023551874,0.522426920662702,0.645140172148705
mort,6100,0.579313577912658,0.521301135895584,0.642624205475783
mort,6200,0.577609111795876,0.520144038115985,0.640215571281247
mort,6300,0.575956512497787,0.518959598670845,0.637912390163685
mort,6400,0.574355455347781,0.517750988185885,0.635712782721688
mort,6500,0.572805615675251,0.516522577813373,0.633614869553844
mort,6600,0.571306668809588,0.515280848802678,0.631616771258742
mort,6700,0.569858290080184,0.514033237653553,0.629716608434972
mort,6800,0.568460154816432,0.512782681567887,0.627912501681122
mort,6900,0.567111938347721,0.511534140391526,0.626202571595782
mort,7000,0.565813316003445,0.510292573970315,0.624584938777541
mort,7100,0.564563963112996,0.509062942150101,0.623057723824988
mort,7200,0.563363555005763,0.50785020477673,0.621619047336711
mort,7300,0.562211767011141,0.506659321696046,0.620267029911301
mort,7400,0.561108274458519,0.505495252753896,0.618999792147346
mort,7500,0.56005275267729,0.504362957796126,0.617815454643434
mort,7600,0.559044876996846,0.503267396668581,0.616712137998157
mort,7700,0.558084322746579,0.502213529217108,0.615687962810101
mort,7800,0.557170765255879,0.501206315287552,0.614741049677858
mort,7900,0.556303879854139,0.500250714725758,0.613869519200015
mort,8000,0.555483341870751,0.499351687377574,0.613071491975161
mort,8100,0.554707598790013,0.49851186292942,0.612343841657371
mort,8200,0.553970186715846,0.497724550430026,0.611678454122654
mort,8300,0.553263413907079,0.496979838409967,0.611065968302504
mort,8400,0.552579588622542,0.496267854937863,0.610497023128417
mort,8500,0.551911019121063,0.495585013448422,0.609962257531886
mort,8600,0.551250013661469,0.494920835425528,0.609452310444406
mort,8700,0.550588880502591,0.494260847963367,0.608957820797471
mort,8800,0.549919927903257,0.493599169072737,0.608469427522576
mort,8900,0.549235464122295,0.492926784595224,0.607977769551214
mort,9000,0.548527797418533,0.492234680372413,0.607473485814882
mort,9100,0.547789236050802,0.49151384224589,0.606947215245071
mort,9200,0.547012088277928,0.490755256057239,0.606389596773279
mort,9300,0.546188662358741,0.489949907648046,0.605791269330998
mort,9400,0.54531126655207,0.489089048147832,0.605142871849722
mort,9500,0.544372209116742,0.488163469909129,0.604435043260948
mort,9600,0.543363798311587,0.487164108069466,0.603658422496168
mort,9700,0.542278342395434,0.486081941518146,0.602803648486877
mort,9800,0.54110814962711,0.484907949144476,0.601861360164571
mort,9900,0.539845528265445,0.483633109837762,0.600822196460742
mort,10000,0.538482786569267,0.482248402487308,0.599676796306885
mort,10100,0.537012478366424,0.480745272014306,0.598416048023399
mort,10200,0.535428139760837,0.479117027467484,0.597031837486292
mort,10300,0.533723552425449,0.477357443927456,0.595516299960479
mort,10400,0.5318924980332,0.475460296474836,0.593861570710873
mort,10500,0.529928758257032,0.473419368310648,0.592059785002387
mort,10600,0.527826114769886,0.47122870220537,0.590103078099935
mort,10700,0.525578349244704,0.468881601975377,0.58798358526843
mort,10800,0.523179243354425,0.466371832870796,0.585693441772785
mort,10900,0.520622578771993,0.463693228344323,0.583224782877913
mort,11000,0.517902137170347,0.460839974109034,0.580569743848728
mort,11100,0.51501170022243,0.457805581525448,0.577720459950144
mort,11200,0.511945049601182,0.454583825674179,0.574669066447073
mort,11300,0.508695966979545,0.45116848163584,0.571407698604429
mort,11400,0.50525823403046,0.447553324491045,0.567928491687125
mort,11500,0.501625632426868,0.443732129320407,0.564223580960074
mort,11600,0.497791943841711,0.439698671204541,0.560285101688191
mort,11700,0.493750949947929,0.43544672522406,0.556105189136388
mort,11800,0.489496432418464,0.430970066459577,0.551675978569579
mort,11900,0.485022172926257,0.426262469991707,0.546989605252676
mort,12000,0.48032195314425,0.421317710901062,0.542038204450594
